{
  "src": [
    "samples.webm",
    "samples.mp3"
  ],
  "sprite": {
    "Mixer": [
      0,
      8045.714285714286
    ],
    "Drums I": [
      10000,
      8045.714285714286
    ],
    "Bass": [
      20000,
      8019.591836734694
    ],
    "Drums II": [
      30000,
      8045.714285714283
    ],
    "Tanggu": [
      40000,
      8097.959183673467
    ],
    "Blip Blip": [
      50000,
      8045.714285714283
    ],
    "Drums III": [
      60000,
      8045.714285714283
    ],
    "Organ": [
      70000,
      8045.714285714283
    ],
    "Guitar": [
      80000,
      8019.59183673469
    ]
  }
}